<coordinator-app xmlns = "uri:oozie:coordinator:0.2" name = 
	"hcoord_copydata_from_external_orc" frequency = "0/20 8,18 * * 2-6" start = "2018-04-16T01:00Z" end = "2018-04-17T00:45Z" timezone = "America/New_York" > 

	<controls> 
		<timeout>1</timeout>
		<concurrency>1</concurrency> 
		<execution>FIFO</execution> 
		<throttle>1</throttle> 
	</controls>

	<action> 
		<workflow> 
			<app-path>${nameNode}/Credit_Card_System/scripts/workflow4cdwodInitial20180621.xlm
			</app-path> 
		</workflow> 
	</action>
	
</coordinator-app>