<!-- 
The workdlow4cdwod uses Sqoop import jobs and Hive scripts to do the following:
1. Store the initial MySQL data in the HDFS file system (Sqoop import jobs), and 
2. Create tables and store the initial MySQL data HDFS file system in the Hive data warehouse (Hive scripts). 


Note: Each Oozie job has a command to delete a directory if tit exist in the HDFS directory system.
      Each Hive scrip has a statment to drop a table if it exist in the Hive data warehouse.
-->

<?xml version="1.0" encoding="UTF-8"?> 
	<workflow-app xmlns = "uri:oozie:workflow:0.2" name = "Store CDW_SAPP data"> 
		<start to = "Initiate cdwod workflow" />

	    <!-- Step 1 -->
	    <action name = "IMPORT CDW_SAPP_BRANCH"> 
	    	<sqoop xmlns = "uri:oozie:sqoop-action:0.2">
	    		<!--job tracking node is http://sandbox.hortonworks.com:8050 which is define in job properties-->  
	    		<job-tracker>${jobTracker}</job-tracker>
	    		<!--name node is http://sandbox.hortonworks.com:8020 which is defined in job properties--> 
	    		<configuration> 
	    			<property> <name>mapred.job.queue.name</name> 
	    			<value>${queueName}</value> </property> 
	    		</configuration> 
	    		<command>job --exec ImportCDW_SAPP_BRANCH</command> 
	    	</sqoop>
	    	<!-- if action successfully completes, preform ok --> 
	    	<ok to = "IMPORT CDW_SAPP_CREDITCARD"/>  
	    	<!-- if action fails to complete, preform error processing --> 
	    	<error to = "fail" />
	    </action>

	    <!-- Step 2 -->
	    <action name="IMPORT CDW_SAPP_CREDITCARD"> 
	    	<sqoop xmlns = "uri:oozie:sqoop-action:0.2">
	    		<!--job tracking node is http://sandbox.hortonworks.com:8050 which is define in job properties-->  
	    		<job-tracker>${jobTracker}</job-tracker>
	    		<!--name node is http://sandbox.hortonworks.com:8020 which is defined in job properties--> 
	    		<configuration> 
	    			<property> <name>mapred.job.queue.name</name> 
	    			<value>${queueName}</value> </property> 
	    		</configuration> 
	    		<command>job --exec ImportCDW_SAPP_BRANCH</command> 
	    	</sqoop>
	    	<!-- if action successfully completes, preform ok --> 
	    	<ok to = "IMPORT CDW_SAPP_CREDITCARD"/>  
	    	<!-- if action fails to complete, preform error processing --> 
	    	<error to = "fail" />
	    </action>

	    <!-- Step 3 -->
	    <action name="IMPORT IMPORT ImportCDW_SAPP_CUSTOMER"> 
	    	<sqoop xmlns = "uri:oozie:sqoop-action:0.2">
	    		<!--job tracking node is http://sandbox.hortonworks.com:8050 which is define in job properties-->  
	    		<job-tracker>${jobTracker}</job-tracker>
	    		<!--name node is http://sandbox.hortonworks.com:8020 which is defined in job properties--> 
	    		<configuration> 
	    			<property> <name>mapred.job.queue.name</name> 
	    			<value>${queueName}</value> </property> 
	    		</configuration> 
	    		<command>job --exec ImportCDW_SAPP_BRANCH</command> 
	    	</sqoop>
	    	<!-- if action successfully completes, preform ok --> 
	    	<ok to = "IMPORT CDW_SAPP_TIMEID"/>  
	    	<!-- if action fails to complete, preform error processing --> 
	    	<error to = "fail" />
	    </action>

	    <!-- Step 4 -->
	    <action name="IMPORT IMPORT ImportCDW_SAPP_TIMEID"> 
	    	<sqoop xmlns = "uri:oozie:sqoop-action:0.2">
	    		<!--job tracking node is http://sandbox.hortonworks.com:8050 which is define in job properties-->  
	    		<job-tracker>${jobTracker}</job-tracker>
	    		<!--name node is http://sandbox.hortonworks.com:8020 which is defined in job properties--> 
	    		<configuration> 
	    			<property> <name>mapred.job.queue.name</name> 
	    			<value>${queueName}</value> </property> 
	    		</configuration> 
	    		<command>job --exec ImportCDW_SAPP_BRANCH</command> 
	    	</sqoop>
	    	<!-- if action successfully completes, preform ok --> 
	    	<ok to= "IMPORT CDW_SAPP_TIMEID"/>  
	    	<!-- if action fails to complete, preform error processing --> 
	    	<error to = "fail" />
	    </action>

	    <!-- Step 5 -->
		<action name = "Create And Load External Table CDW_SAPP_D_PEOPLE">
			<hive xmlns = "uri:oozie:hive-action:0.4">
				<job-tracker>${jobTracker}</job-tracker>
				<name-node>${nameNode}</name-node>
				<script>${nameNode}/Credit_Card_System/scripts/CreateAndLoadExternalTableCDW_SAPP_D_PEOPLE.hql</script>
			</hive>
			<ok to = "Create And Load Table CDW_SAPP_D_BRANCH" />
			<error to = "fail" />
		</action>

	    <!-- Step 6 -->
		<action name = "Create And Load Table CDW_SAPP_D_BRANCH">
			<hive xmlns = "uri:oozie:hive-action:0.4">
				<job-tracker>${jobTracker}</job-tracker>
				<name-node>${nameNode}</name-node>
				<script>${nameNode}/Credit_Card_System/scripts/CreateAndLoadTableCDW_SAPP_D_BRANCH.hql</script>
			</hive>
			<ok to = "Create And Load Table CDW_SAPP_D_CREDITCARD" />
			<error to = "fail" />
		</action>

	    <!-- Step 7 -->
		<action name = "Create And Load Table CDW_SAPP_D_CREDITCARD">
			<hive xmlns = "uri:oozie:hive-action:0.4">
				<job-tracker>${jobTracker}</job-tracker>
				<name-node>${nameNode}</name-node>
				<script>${nameNode}/Credit_Card_System/scripts/CreateAndLoadTableCDW_SAPP_D_CREDITCARD.hql</script>
			</hive>
			<ok to = "CreateAndLoadTableCDW_SAPP_D_CUSTOMER.hql" />
			<error to = "fail" />
		</action>

	    <!-- Step 8 -->
		<action name = "Create And Load Table CreateAndLoadTableCDW_SAPP_D_CUSTOMER">
			<hive xmlns = "uri:oozie:hive-action:0.4">
				<job-tracker>${jobTracker}</job-tracker>
				<name-node>${nameNode}</name-node>
				<script>${nameNode}/Credit_Card_System/scripts/CreateAndLoadTableCDW_SAPP_D_CUSTOMER.hql</script>
			</hive>
			<ok to = "Create And Load Table CreateAndLoadTableCDW_SAPP_D_TIMEID" />
			<error to = "fail" />
		</action>

	    <!-- Step 9 -->
		<action name = "Create And Load Table CreateAndLoadTableCDW_SAPP_D_TIMEID">
			<hive xmlns = "uri:oozie:hive-action:0.4">
				<job-tracker>${jobTracker}</job-tracker>
				<name-node>${nameNode}</name-node>
				<script>${nameNode}/Credit_Card_System/scripts/CreateAndLoadTableCDW_SAPP_D_TIMEID.hql</script>
			</hive>
			<ok to = "End Initiate cdwod workflow" />
			<error to = "fail" />
		</action>

	    <kill name = "fail">
			<message>Workflow4cdwod job failed</message>
		</kill>

		<end name = "End Initiate cdwod workflow" />

	</workflow-app>